{
    "camera_config": {
      "pose": {
        "position": {
          "x": 6.9118194580078125,
          "y": 1.6516278982162476,
          "z": 2.5541365146636963
        },
        "target": {
          "x": 2.328019380569458,
          "y": 1.6516276597976685,
          "z": 0.33640459179878235
        },
        "up": {
          "x": 0.0,
          "y": 1.0,
          "z": 0.0
        }
      },
      "z_far": 1000.0,
      "z_near": 0.1,
      "aspect": {
        "x": 1280.0,
        "y": 720.0
      }
    }
  }